popularity,year
39,1957
2,1930
3,1930
2,1930
3,1930
3,1930
16,1930
11,1930
8,1930
4,1930
4,1930
5,1930
3,1930
3,1930
4,1930
3,1930
3,1930
3,1930
3,1930
45,1990
44,1984
2,1930
3,1930
3,1930
3,1930
2,1930
3,1930
40,1998
33,1983
35,1980
33,1983
32,1981
32,1981
31,1986
53,2008
35,1976
33,1976
31,1977
29,1980
32,1980
30,1981
33,1983
28,1981
30,1983
31,1984
30,1983
23,1975
29,1984
34,1986
51,1981
57,1983
54,1984
50,1981
51,1976
38,1981
42,1983
37,1981
42,1985
24,1965
25,1965
23,1965
40,1992
21,1965
35,1992
22,1965
16,1963
56,1965
35,1963
32,1965
44,1991
29,1965
0,1936
0,1936
17,1963
17,1963
13,1963
20,1967
34,1971
27,1972
39,1991
17,1962
33,1971
7,1961
17,1963
12,1963
33,1971
7,1961
14,1963
24,1967
31,1971
31,1971
5,1961
13,1963
14,1959
47,2004
0,1945
16,1963
13,1963
30,1973
13,1962
12,1963
22,1970
22,1973
29,1986
4,1961
6,1962
13,1964
34,1990
32,1991
64,1962
52,1962
51,1963
45,1962
49,1967
7,1949
36,1962
32,1962
35,1963
33,1963
36,1965
56,1971
33,1962
32,1962
30,1962
31,1962
31,1962
35,1963
26,1963
38,1965
41,1966
38,1966
48,1967
42,1967
43,1970
2,1936
30,1962
36,1968
26,1962
24,1963
34,1966
44,1973
20,1962
24,1962
25,1962
20,1963
20,1963
31,1965
47,1992
13,1961
18,1963
36,1969
0,1953
15,1962
19,1963
20,1965
29,1966
35,1969
19,1966
12,1959
23,1959
28,1971
34,1971
30,1971
30,1971
29,1971
22,1968
36,1972
43,1994
31,1976
32,1976
29,1967
21,1968
31,1976
39,1980
33,1981
39,1988
41,1988
15,1963
20,1966
20,1968
29,1976
33,1983
40,1993
16,1963
18,1963
18,1964
18,1964
19,1965
19,1968
19,1968
30,1981
37,1988
14,1963
16,1963
15,1963
18,1964
17,1965
37,1980
31,1981
26,1985
51,2002
8,1962
16,1963
14,1963
13,1963
14,1963
15,1964
26,1974
31,1985
18,1967
27,1974
51,2002
14,1963
14,1963
14,1963
13,1965
36,1980
11,1963
13,1963
12,1964
17,1965
23,1972
30,1977
26,1977
23,1978
28,1983
33,1994
47,2002
64,1974
65,1976
68,1980
43,1963
43,1968
40,1968
48,1970
54,1974
56,1981
55,2002
32,1963
38,1968
32,1964
37,1968
37,1968
46,1983
45,1985
32,1968
38,1971
50,2002
23,1963
39,1971
41,1977
44,1991
30,1965
27,1968
44,1980
50,1996
42,1980
41,1980
38,1983
34,1985
18,1963
22,1963
16,1964
24,1968
37,1983
31,1988
31,1988
28,1988
19,1974
22,1984
48,1999
34,1988
33,1979
33,1991
26,1979
30,1979
30,1991
30,1991
35,1996
27,1979
28,1988
36,1988
28,1988
37,1990
37,1993
27,1988
26,1973
68,1979
62,1988
57,1990
47,1988
43,1972
41,1972
54,1983
53,1993
39,1988
39,1988
37,1988
45,2008
24,1969
10,1960
7,1960
13,1958
7,1960
6,1960
37,1980
17,1963
12,1956
17,1957
14,1958
13,1958
18,1958
18,1958
18,1959
43,1996
2,1935
2,1935
3,1940
11,1956
9,1956
11,1956
20,1959
17,1959
17,1959
2,1935
10,1956
9,1956
10,1956
11,1956
10,1956
13,1958
15,1959
33,1993
8,1956
12,1958
13,1958
12,1958
2,1935
9,1956
10,1956
7,1956
15,1959
0,1930
8,1956
8,1956
9,1956
7,1956
12,1957
12,1958
10,1958
11,1958
14,1959
40,1996
41,1997
47,2003
6,1956
7,1956
14,1959
7,1956
6,1956
7,1956
7,1956
9,1958
11,1957
9,1958
62,1933
50,1933
53,1933
41,1933
41,1933
39,1933
40,1933
36,1933
33,1933
28,1933
36,1933
31,1933
24,1933
29,1933
26,1933
26,1933
30,1933
23,1933
25,1933
26,1933
27,1933
22,1933
25,1933
24,1933
25,1933
24,1933
22,1933
28,1933
22,1933
25,1933
22,1933
22,1933
26,1933
26,1933
26,1933
20,1933
23,1933
22,1933
23,1933
18,1933
20,1933
20,1933
23,1933
19,1933
20,1933
20,1933
18,1933
18,1933
21,1933
20,1933
17,1933
22,1933
17,1933
17,1933
18,1933
17,1933
17,1933
18,1933
16,1933
16,1933
14,1933
17,1933
16,1933
17,1933
17,1933
15,1933
16,1933
16,1933
16,1933
15,1933
15,1933
16,1933
15,1933
16,1933
14,1933
15,1933
15,1933
13,1933
14,1933
15,1933
16,1933
16,1933
4,1934
3,1934
3,1934
2,1934
4,1934
4,1934
3,1934
3,1934
4,1934
4,1934
3,1934
4,1934
4,1934
3,1934
4,1934
3,1934
3,1934
4,1934
4,1934
3,1934
4,1934
3,1934
15,1935
47,1936
15,1936
18,1936
44,1937
40,1937
41,1937
31,1937
31,1937
23,1937
27,1937
21,1937
19,1937
19,1937
18,1937
19,1937
17,1937
15,1937
17,1937
16,1937
13,1937
13,1937
8,1937
11,1937
11,1937
10,1937
7,1937
7,1937
6,1937
5,1937
19,1938
9,1938
6,1938
5,1938
6,1938
7,1938
3,1938
3,1938
3,1938
5,1938
22,1940
11,1940
9,1940
9,1940
6,1940
5,1940
5,1940
40,1953
36,1953
29,1953
20,1953
21,1953
22,1953
19,1953
59,1956
55,1956
48,1956
49,1956
45,1956
43,1956
44,1956
42,1956
42,1956
42,1956
42,1956
63,1957
62,1957
48,1957
45,1957
44,1957
43,1957
43,1957
40,1957
57,1958
58,1958
52,1958
50,1958
43,1958
43,1958
43,1958
0,1927
15,1933
15,1933
15,1933
14,1933
15,1933
15,1933
15,1933
15,1933
13,1933
13,1933
13,1933
14,1933
11,1933
13,1933
12,1933
13,1933
13,1933
14,1933
14,1933
14,1933
13,1933
14,1933
15,1933
14,1933
13,1933
15,1933
16,1933
15,1933
13,1933
12,1933
14,1933
13,1933
12,1933
14,1933
14,1933
11,1933
14,1933
13,1933
11,1933
15,1933
13,1933
13,1933
13,1933
13,1933
13,1933
12,1933
10,1933
13,1933
12,1933
13,1933
13,1933
14,1933
12,1933
10,1933
11,1933
10,1933
10,1933
11,1933
11,1933
10,1933
11,1933
11,1933
12,1933
9,1933
10,1933
9,1933
12,1933
11,1933
12,1933
13,1933
10,1933
12,1933
9,1933
9,1933
9,1933
10,1933
10,1933
11,1933
10,1933
10,1933
11,1933
9,1933
10,1933
10,1933
9,1933
10,1933
9,1933
9,1933
9,1933
9,1933
9,1933
4,1935
5,1935
3,1935
3,1935
3,1935
3,1935
4,1935
2,1935
3,1935
3,1935
5,1935
3,1935
2,1935
3,1935
3,1935
3,1935
14,1936
14,1936
9,1936
10,1936
6,1937
5,1937
6,1937
4,1937
3,1937
6,1937
3,1937
4,1937
3,1937
3,1937
3,1937
2,1937
3,1937
3,1937
5,1937
5,1937
6,1937
3,1937
4,1937
4,1937
7,1937
6,1937
5,1937
4,1937
4,1937
4,1937
4,1937
4,1937
3,1937
3,1937
3,1937
3,1937
4,1937
4,1937
4,1937
4,1937
3,1937
2,1937
2,1937
3,1937
1,1937
2,1937
3,1938
5,1938
4,1938
3,1938
3,1938
3,1938
3,1938
4,1938
7,1938
6,1940
6,1940
3,1940
4,1940
4,1940
4,1940
4,1940
4,1940
3,1940
4,1940
3,1940
5,1940
4,1940
4,1940
3,1940
14,1953
32,1956
34,1956
34,1956
34,1956
33,1956
33,1956
33,1956
39,1957
36,1957
36,1957
35,1957
35,1957
33,1957
42,1958
0,1924
10,1933
10,1933
9,1933
10,1933
10,1933
9,1933
10,1933
10,1933
9,1933
10,1933
7,1933
8,1933
8,1933
9,1933
8,1933
7,1933
8,1933
8,1933
8,1933
10,1933
8,1933
9,1933
9,1933
8,1933
7,1933
7,1933
7,1933
9,1933
8,1933
8,1933
8,1933
8,1933
8,1933
9,1933
7,1933
8,1933
8,1933
9,1933
8,1933
7,1933
7,1933
10,1933
8,1933
9,1933
7,1933
7,1933
9,1933
7,1933
10,1933
7,1933
7,1933
9,1933
8,1933
9,1933
8,1933
9,1933
7,1933
7,1933
9,1933
8,1933
7,1933
8,1933
10,1933
8,1933
8,1933
9,1933
9,1933
8,1933
8,1933
7,1933
7,1933
7,1933
9,1933
8,1933
8,1933
6,1933
6,1933
6,1933
6,1933
6,1933
6,1933
2,1935
2,1935
2,1935
7,1936
7,1936
7,1936
7,1936
7,1936
8,1936
8,1936
8,1936
7,1936
7,1936
4,1936
6,1936
6,1936
6,1936
6,1936
6,1936
6,1936
4,1936
1,1937
2,1937
3,1938
5,1939
6,1939
3,1939
3,1939
3,1939
3,1939
3,1939
3,1939
4,1939
3,1939
3,1939
2,1939
3,1939
3,1939
28,1956
31,1956
28,1956
28,1956
31,1956
30,1956
29,1956
28,1956
26,1956
27,1956
33,1957
30,1957
26,1957
31,1958
55,1996
6,1933
3,1936
2,1937
2,1937
4,1937
2,1937
1,1937
2,1939
28,1956
24,1956
29,1956
26,1956
25,1956
26,1956
24,1956
28,1957
32,1958
31,1958
27,1958
50,1992
5,1937
2,1937
1,1937
3,1937
1,1937
2,1937
2,1937
2,1938
2,1939
24,1956
23,1956
23,1956
23,1956
23,1956
30,1957
25,1957
25,1957
29,1958
26,1958
28,1958
26,1958
26,1958
26,1958
27,1958
27,1958
28,1958
25,1958
3,1936
2,1936
2,1937
2,1937
2,1939
21,1956
26,1958
25,1958
21,1958
24,1958
25,1958
23,1958
23,1958
22,1958
23,1958
24,1958
25,1959
51,1996
3,1936
1,1936
2,1936
2,1939
2,1939
2,1939
2,1939
24,1957
22,1957
23,1957
23,1957
21,1958
21,1958
23,1958
22,1958
23,1958
23,1958
49,1997
2,1939
22,1957
21,1958
20,1958
17,1958
17,1958
22,1959
2,1939
2,1939
19,1956
21,1958
18,1958
20,1958
16,1958
18,1958
22,1958
17,1958
17,1958
21,1959
20,1959
45,1996
2,1936
2,1939
15,1956
16,1958
16,1958
16,1958
18,1958
18,1958
39,1992
45,1996
8,1958
34,1958
1,1939
16,1959
16,1959
14,1959
27,1973
36,1997
15,1959
15,1959
14,1959
12,1960
13,1959
13,1959
39,1996
14,1959
14,1959
34,1997
52,1957
50,1958
38,1957
36,1957
38,1958
38,1959
36,1959
33,1960
31,1957
30,1957
30,1957
32,1958
34,1958
35,1959
30,1959
29,1960
26,1957
26,1957
29,1958
35,1966
25,1957
26,1957
25,1957
27,1958
23,1958
30,1959
25,1960
25,1957
23,1957
22,1957
24,1958
21,1958
25,1959
22,1957
20,1957
19,1957
20,1958
23,1959
20,1959
18,1958
16,1958
21,1959
18,1959
16,1960
8,1956
6,1956
8,1956
7,1956
6,1956
8,1956
6,1956
21,1973
39,1973
31,1986
29,1988
68,1988
13,1945
14,1945
51,1996
38,1990
34,1975
35,1974
22,1964
18,1964
21,1964
21,1964
21,1964
18,1964
21,1964
22,1965
14,1962
18,1964
18,1964
21,1965
14,1964
9,1963
17,1965
12,1964
17,1965
59,1962
56,1962
56,1962
48,1962
43,1962
43,1962
49,1964
39,1962
38,1962
36,1962
45,1964
42,1964
31,1962
37,1964
32,1962
37,1967
47,1991
30,1962
27,1962
8,1954
26,1962
25,1962
32,1964
43,1972
26,1964
24,1964
40,1991
23,1964
23,1964
32,1967
30,1968
24,1964
20,1964
23,1964
37,1991
18,1962
41,1993
13,1960
42,1964
44,1993
3,1955
21,1957
11,1958
9,1955
11,1959
2,1955
11,1956
10,1958
19,1962
6,1955
10,1956
14,1956
11,1957
15,1958
7,1955
2,1955
8,1956
9,1957
14,1958
1,1955
7,1957
10,1957
9,1957
10,1958
15,1959
6,1958
4,1958
10,1958
7,1957
14,1962
25,1955
27,1956
27,1958
26,1959
1,1936
18,1955
15,1955
15,1955
25,1958
25,1959
24,1957
29,1962
23,1957
15,1958
24,1959
20,1957
23,1957
9,1955
12,1955
9,1955
4,1955
0,1935
0,1935
0,1935
1,1935
1,1935
8,1950
0,1935
0,1935
2,1930
0,1935
0,1935
1,1935
0,1941
1,1937
0,1937
1,1941
0,1941
0,1935
0,1935
1,1935
5,1936
0,1937
0,1937
0,1937
0,1937
0,1937
0,1937
0,1937
0,1941
0,1941
0,1941
0,1935
0,1935
0,1936
0,1936
0,1936
0,1937
0,1937
0,1937
0,1937
0,1937
0,1937
0,1937
0,1939
0,1941
1,1930
0,1935
0,1935
0,1936
0,1936
0,1937
2,1937
0,1937
0,1937
0,1939
0,1939
0,1939
0,1939
0,1939
0,1941
0,1941
0,1941
0,1941
0,1941
0,1935
0,1935
0,1936
0,1936
0,1936
1,1936
0,1936
0,1936
0,1937
1,1937
0,1937
0,1939
0,1939
0,1939
0,1939
0,1941
0,1941
0,1941
0,1941
0,1941
0,1941
0,1936
0,1936
0,1936
1,1936
0,1936
0,1939
0,1939
3,1939
0,1939
0,1941
0,1941
6,1941
0,1935
0,1935
0,1936
0,1936
0,1939
0,1939
0,1939
0,1941
0,1941
0,1944
0,1935
1,1935
0,1935
0,1935
0,1936
0,1936
0,1936
0,1936
0,1936
0,1936
0,1939
0,1939
0,1939
0,1939
0,1941
1,1935
0,1936
52,1995
9,1955
10,1955
45,1969
44,1971
4,1950
16,1955
12,1955
39,1967
7,1955
10,1956
4,1950
5,1950
15,1955
26,1964
50,1995
53,1996
6,1950
25,1966
40,1972
20,1963
28,1966
40,1978
19,1963
26,1964
37,1974
9,1950
18,1961
27,1966
35,1955
43,1960
47,1961
59,1963
60,1964
53,1964
64,1966
48,1961
62,1967
40,1960
46,1962
42,1962
47,1963
48,1963
8,1950
20,1955
38,1958
37,1961
37,1961
36,1961
38,1962
16,1955
33,1956
36,1958
36,1960
38,1962
38,1963
39,1963
4,1950
41,1966
40,1966
52,1972
47,1974
52,1976
36,1964
37,1964
41,1964
36,1966
48,1971
60,1996
10,1956
8,1956
18,1957
16,1957
12,1957
17,1959
14,1959
13,1959
15,1959
14,1961
12,1961
17,1962
22,1964
21,1964
20,1964
20,1964
23,1965
24,1965
27,1967
53,2011
10,1956
11,1956
11,1956
12,1957
11,1958
16,1959
17,1959
16,1959
13,1959
13,1961
12,1961
16,1962
16,1962
15,1962
16,1962
20,1964
19,1964
19,1964
27,1967
26,1967
10,1956
9,1956
8,1956
9,1956
10,1956
12,1957
12,1957
14,1959
12,1959
11,1959
12,1960
13,1960
14,1961
10,1961
11,1961
9,1961
14,1962
15,1962
13,1962
21,1964
20,1964
18,1964
22,1964
23,1966
8,1956
9,1956
8,1956
7,1956
8,1956
8,1956
9,1957
10,1957
9,1957
10,1957
15,1959
12,1959
11,1959
8,1961
14,1962
14,1962
13,1962
18,1964
19,1964
17,1964
48,2013
8,1956
8,1956
8,1956
8,1957
10,1957
10,1957
9,1958
10,1958
14,1959
10,1959
14,1959
10,1961
13,1962
13,1962
13,1962
14,1962
12,1962
13,1962
13,1962
17,1964
20,1964
19,1964
19,1964
17,1966
40,2000
8,1956
6,1956
7,1956
12,1958
10,1959
12,1959
13,1962
12,1962
19,1964
19,1966
18,1966
7,1956
6,1956
9,1957
8,1957
8,1958
7,1958
12,1962
12,1962
15,1963
16,1964
18,1964
17,1964
16,1966
48,2009
7,1956
6,1958
7,1958
7,1958
11,1959
8,1959
9,1960
8,1960
11,1962
17,1964
13,1964
17,1965
17,1965
16,1965
17,1966
18,1966
19,1966
44,2009
7,1956
7,1956
6,1958
9,1959
16,1964
11,1964
17,1965
16,1965
20,1966
16,1966
24,1971
45,2006
6,1957
6,1957
7,1957
6,1957
5,1958
5,1958
6,1958
9,1959
14,1963
17,1964
15,1966
23,1967
47,2011
28,1950
23,1950
22,1950
23,1950
25,1950
14,1950
16,1950
16,1950
32,1951
22,1951
20,1951
18,1951
16,1951
13,1951
14,1951
47,1952
27,1952
26,1952
20,1952
19,1952
61,1954
54,1954
54,1954
41,1954
39,1954
50,1956
44,1956
42,1956
64,1958
51,1958
47,1958
44,1958
51,1959
48,1959
41,1959
57,1960
50,1960
47,1960
47,1960
40,1960
40,1960
60,1961
59,1964
55,1964
59,1964
50,1965
14,1950
13,1950
14,1950
13,1950
13,1950
13,1950
11,1950
11,1950
12,1950
12,1950
10,1950
10,1950
11,1950
10,1950
9,1950
16,1951
15,1951
15,1951
14,1951
14,1951
12,1951
10,1951
10,1951
11,1951
9,1951
9,1951
16,1952
15,1952
13,1952
22,1954
24,1954
22,1954
22,1954
29,1956
30,1956
41,1958
42,1959
40,1959
40,1959
35,1959
41,1962
48,1964
42,1964
43,1964
42,1964
43,1964
49,1965
40,1966
19,1951
9,1951
7,1951
11,1952
10,1952
10,1952
8,1952
7,1952
8,1952
6,1952
7,1952
7,1952
16,1954
25,1954
16,1954
17,1954
19,1954
17,1954
17,1954
15,1954
25,1956
26,1956
31,1958
29,1958
30,1958
29,1960
42,1966
8,1951
7,1951
6,1952
5,1952
6,1952
7,1952
6,1952
6,1952
7,1952
5,1952
14,1954
16,1954
16,1954
16,1954
14,1954
12,1954
15,1954
12,1954
15,1954
12,1954
12,1954
23,1956
28,1956
26,1957
29,1958
29,1958
28,1958
28,1958
28,1958
28,1959
25,1960
25,1961
30,1962
38,1964
44,1967
5,1952
11,1954
12,1954
11,1954
11,1954
11,1954
10,1954
11,1954
14,1954
11,1954
13,1954
10,1954
10,1954
13,1954
12,1954
11,1954
19,1956
23,1959
23,1960
32,1964
30,1964
32,1965
32,1965
31,1966
61,2013
12,1954
13,1954
10,1954
12,1954
17,1958
24,1960
24,1960
24,1962
32,1965
29,1965
31,1966
54,2006
18,1956
24,1957
19,1958
21,1960
16,1961
24,1962
19,1962
21,1962
21,1962
27,1964
29,1965
28,1965
33,1967
21,1956
14,1956
13,1956
17,1956
17,1958
22,1959
15,1961
16,1961
14,1961
20,1962
23,1962
27,1965
40,1968
17,1956
12,1956
20,1959
18,1959
14,1961
15,1961
15,1961
14,1961
16,1961
13,1961
13,1961
31,1963
23,1964
27,1966
13,1956
14,1956
11,1956
12,1956
21,1957
14,1958
14,1959
15,1959
15,1959
14,1959
13,1961
12,1961
13,1961
14,1961
17,1962
16,1962
22,1964
28,1973
27,1973
13,1959
24,1973
12,1964
22,1973
10,1964
20,1973
29,1952
24,1952
26,1952
15,1952
11,1952
40,1998
16,1960
18,1961
7,1958
33,1993
8,1962
0,1938
20,1961
21,1957
34,1989
22,1984
48,1987
6,1955
3,1955
3,1955
2,1955
7,1957
34,1936
9,1936
8,1936
7,1936
3,1936
4,1936
18,1955
1,1936
2,1936
13,1955
2,1936
0,1936
11,1955
1,1936
0,1936
1,1936
0,1944
0,1944
0,1944
6,1955
3,1936
5,1939
1,1939
0,1939
0,1939
0,1939
0,1939
0,1939
0,1939
0,1939
0,1939
0,1939
0,1939
0,1939
0,1939
8,1955
13,1959
9,1959
28,1989
30,1991
0,1938
2,1950
3,1950
0,1943
0,1943
0,1943
1,1950
38,1995
17,1957
20,1959
20,1959
11,1960
18,1960
7,1956
13,1956
7,1956
19,1959
19,1959
47,2003
6,1956
7,1956
13,1957
18,1959
9,1956
9,1956
10,1956
10,1956
16,1960
13,1961
10,1956
10,1956
12,1961
12,1961
11,1962
9,1956
4,1956
8,1956
8,1956
10,1957
12,1961
12,1961
11,1961
10,1961
14,1961
12,1962
9,1956
8,1956
16,1959
13,1960
10,1961
9,1961
9,1961
10,1961
35,1991
8,1956
9,1957
12,1960
10,1961
9,1961
4,1956
3,1956
7,1956
6,1956
9,1960
10,1961
32,1955
28,1955
41,1956
58,1959
50,1961
26,1955
49,1959
41,1961
18,1955
33,1961
35,1962
42,1963
56,1987
16,1955
18,1955
18,1956
30,1959
32,1962
13,1955
32,1959
34,1959
46,1988
12,1955
15,1956
28,1959
25,1961
27,1962
11,1955
24,1959
25,1959
25,1959
23,1959
22,1961
9,1956
14,1956
8,1955
14,1956
16,1956
18,1957
1,1948
9,1956
18,1957
16,1957
22,1964
6,1955
3,1955
5,1955
17,1957
16,1957
3,1950
3,1951
0,1953
4,1955
5,1955
4,1955
4,1955
9,1956
16,1957
15,1957
12,1960
6,1955
3,1955
5,1955
15,1957
14,1957
14,1960
3,1955
15,1957
14,1957
10,1961
19,1963
2,1952
15,1959
1,1948
6,1956
6,1956
8,1961
9,1961
15,1963
1,1949
5,1956
7,1961
8,1961
1,1952
10,1959
10,1960
9,1960
27,1978
27,1989
4,1956
4,1956
57,1945
54,1945
46,1945
41,1945
40,1945
32,1945
32,1945
25,1945
22,1945
24,1945
21,1945
22,1945
19,1945
19,1945
20,1945
19,1945
19,1945
18,1945
18,1945
17,1945
17,1945
17,1945
16,1945
15,1945
16,1945
16,1945
14,1945
15,1945
15,1945
15,1945
13,1945
13,1945
13,1945
13,1945
12,1945
12,1945
12,1945
22,1946
12,1946
10,1946
10,1946
7,1946
14,1946
7,1946
5,1946
8,1946
63,1948
54,1948
28,1948
30,1948
31,1948
20,1948
24,1948
15,1948
20,1948
8,1948
18,1948
8,1948
7,1948
16,1948
14,1948
14,1948
17,1948
6,1948
14,1948
11,1948
12,1948
52,1949
13,1949
37,1950
20,1951
14,1951
44,1953
40,1953
33,1953
30,1953
56,1957
10,1945
11,1945
10,1945
11,1945
4,1946
5,1946
4,1946
4,1946
4,1946
4,1946
12,1948
14,1948
13,1948
5,1948
12,1948
12,1948
14,1948
13,1948
12,1948
12,1948
4,1948
12,1948
4,1948
11,1948
4,1948
3,1948
3,1948
11,1948
3,1948
12,1948
11,1948
2,1948
1,1948
2,1948
2,1948
2,1948
2,1948
2,1948
2,1948
2,1948
2,1948
2,1948
3,1948
13,1949
11,1949
11,1949
12,1949
12,1949
11,1949
12,1951
15,1953
13,1953
9,1953
27,1954
27,1954
23,1955
39,1961
0,1938
3,1939
10,1949
10,1950
8,1950
9,1950
8,1950
7,1951
8,1951
7,1951
10,1951
8,1951
7,1953
7,1953
6,1953
6,1953
30,1956
30,1961
43,1965
0,1932
8,1950
8,1950
7,1950
7,1951
6,1951
8,1951
5,1951
3,1951
4,1951
5,1951
5,1953
16,1954
11,1955
15,1955
13,1955
30,1959
31,1959
27,1960
34,1961
43,1987
1,1938
4,1951
4,1951
4,1951
5,1951
6,1952
5,1952
14,1954
11,1954
11,1954
11,1954
11,1955
38,1965
45,1993
2,1936
0,1936
3,1951
2,1952
12,1954
11,1954
9,1954
9,1954
11,1955
30,1965
9,1954
8,1954
9,1955
8,1955
18,1960
32,1965
3,1951
2,1952
1,1952
9,1955
17,1960
22,1960
29,1965
4,1954
6,1955
7,1955
7,1955
17,1959
2,1954
8,1955
18,1957
43,1992
4,1949
33,1972
8,1955
5,1955
46,2003
45,1956
42,1956
28,1956
18,1955
28,1956
16,1955
15,1955
15,1955
24,1956
20,1956
21,1956
19,1956
18,1956
21,1956
9,1955
11,1955
15,1956
13,1956
8,1955
6,1955
44,1992
6,1955
7,1955
16,1965
20,1967
18,1967
2,1952
1,1952
0,1954
0,1954
23,1966
0,1952
0,1954
4,1952
2,1952
3,1955
0,1955
0,1954
1,1955
11,1950
15,1952
6,1952
5,1952
4,1952
2,1952
18,1960
37,1987
1,1952
3,1952
8,1955
7,1955
7,1955
15,1956
16,1957
17,1957
16,1957
15,1957
15,1957
14,1958
14,1958
13,1958
16,1959
17,1959
16,1960
18,1960
20,1960
15,1960
16,1961
14,1961
18,1962
21,1963
23,1963
46,1995
17,1957
15,1957
14,1957
16,1957
14,1958
14,1958
14,1958
12,1958
16,1959
15,1959
18,1960
19,1960
13,1960
17,1961
20,1964
22,1964
28,1966
14,1957
15,1957
13,1957
12,1957
13,1958
13,1958
14,1958
13,1958
12,1958
12,1958
12,1958
13,1958
14,1958
17,1959
16,1959
17,1960
13,1961
13,1961
15,1962
20,1967
28,1968
4,1956
13,1957
12,1957
12,1957
12,1957
13,1958
12,1958
12,1958
11,1958
11,1958
9,1958
14,1959
15,1959
15,1959
14,1959
16,1959
11,1960
12,1961
10,1961
18,1964
21,1965
20,1967
12,1957
13,1957
12,1958
11,1958
13,1959
14,1959
15,1959
14,1959
13,1959
13,1959
14,1959
13,1959
15,1959
17,1962
14,1962
42,1997
45,1999
0,1942
12,1957
9,1957
14,1958
11,1958
11,1958
11,1958
9,1958
11,1958
13,1959
14,1959
12,1959
12,1959
13,1959
13,1959
13,1959
14,1959
14,1959
13,1959
13,1959
13,1959
9,1960
9,1961
12,1962
12,1962
16,1963
18,1963
45,1999
9,1957
10,1957
13,1958
11,1958
9,1958
10,1958
12,1959
11,1959
11,1959
12,1959
11,1961
12,1962
14,1963
23,1967
41,1997
9,1958
9,1958
10,1958
9,1958
12,1958
12,1959
12,1959
12,1959
14,1959
13,1959
11,1959
9,1961
9,1961
12,1962
16,1963
14,1964
9,1957
10,1957
10,1957
10,1958
12,1958
12,1958
12,1959
12,1959
11,1959
11,1959
10,1960
9,1961
15,1963
14,1963
17,1964
9,1957
6,1958
10,1958
10,1958
9,1958
8,1958
12,1959
9,1959
13,1959
9,1961
10,1961
17,1963
13,1963
15,1963
15,1965
19,1966
32,1989
19,1927
52,1950
52,1950
24,1950
24,1950
23,1950
22,1950
22,1950
22,1950
19,1953
17,1953
49,1954
47,1954
57,1956
55,1956
54,1956
51,1956
49,1956
49,1956
46,1956
44,1956
71,1957
54,1957
55,1957
45,1957
45,1957
46,1957
43,1957
45,1957
45,1957
66,1958
55,1959
48,1959
40,1960
37,1960
54,1963
66,1997
17,1953
18,1953
16,1953
16,1953
13,1953
13,1953
12,1953
25,1954
24,1954
24,1954
23,1955
38,1956
36,1956
34,1956
33,1956
32,1956
32,1956
30,1956
41,1957
42,1957
41,1957
35,1957
35,1957
36,1958
39,1960
37,1960
37,1961
61,1997
9,1953
26,1954
17,1954
20,1954
19,1954
17,1954
24,1955
19,1955
33,1956
32,1956
33,1956
30,1956
30,1956
29,1956
30,1956
27,1956
28,1956
29,1956
30,1956
28,1956
29,1956
28,1956
29,1956
35,1957
34,1957
32,1957
31,1957
32,1957
29,1957
34,1958
32,1958
35,1959
35,1959
28,1960
31,1962
36,1962
52,1993
7,1949
6,1953
20,1954
16,1954
18,1954
18,1954
15,1954
15,1954
18,1955
27,1956
27,1956
26,1956
26,1956
27,1956
25,1956
25,1956
25,1956
25,1956
24,1956
24,1956
25,1956
30,1957
30,1957
29,1957
32,1957
24,1957
29,1957
27,1957
29,1957
30,1957
30,1957
26,1958
30,1958
30,1958
32,1958
30,1958
31,1958
29,1958
32,1959
29,1959
30,1960
25,1961
51,1989
54,1997
6,1949
15,1954
15,1954
14,1954
15,1954
13,1955
24,1956
21,1956
23,1956
22,1956
27,1957
28,1957
26,1957
28,1957
28,1957
27,1957
27,1957
25,1957
29,1958
27,1958
27,1958
27,1958
23,1958
27,1958
26,1958
30,1959
25,1960
50,1993
52,1997
13,1954
12,1954
12,1954
20,1956
21,1956
21,1956
20,1956
20,1956
21,1956
23,1957
21,1957
25,1957
25,1958
23,1958
24,1958
24,1959
27,1959
25,1959
24,1960
30,1963
31,1963
30,1963
44,1969
11,1955
20,1956
20,1956
19,1956
19,1956
19,1956
20,1956
19,1956
19,1956
18,1956
19,1956
18,1956
22,1957
24,1957
21,1957
23,1958
18,1958
24,1958
23,1958
23,1958
23,1958
23,1958
18,1958
21,1959
21,1959
21,1959
19,1960
19,1960
22,1961
24,1961
24,1962
27,1963
49,1997
14,1955
17,1956
17,1956
20,1957
19,1957
19,1957
17,1957
19,1958
22,1958
24,1960
21,1962
22,1962
21,1962
26,1963
23,1963
24,1964
25,1966
43,1992
0,1945
12,1955
9,1955
11,1955
16,1956
21,1957
18,1957
19,1957
22,1958
16,1959
21,1959
19,1959
18,1959
19,1959
23,1960
19,1960
17,1960
16,1961
16,1961
26,1963
25,1963
25,1963
29,1964
7,1955
7,1955
15,1957
16,1957
16,1957
22,1959
18,1959
19,1959
18,1959
18,1959
16,1960
13,1961
15,1961
23,1963
47,1997
46,1997
37,1992
40,1992
0,1953
0,1953
18,1961
0,1953
0,1953
31,1967
30,1968
32,1968
38,1986
0,1953
0,1953
0,1953
0,1953
27,1967
36,1986
0,1953
0,1953
0,1953
0,1953
1,1953
0,1953
31,1968
23,1974
0,1953
0,1953
26,1969
0,1953
0,1953
0,1953
0,1953
0,1953
23,1969
32,1986
1,1953
0,1953
0,1953
0,1953
28,1968
20,1974
0,1953
0,1953
0,1953
0,1953
0,1953
27,1968
29,1969
57,1967
61,1968
57,1968
52,1967
53,1968
51,1968
3,1946
48,1969
49,1970
10,1953
42,1967
41,1967
41,1967
39,1967
43,1968
41,1968
43,1969
50,1986
0,1952
0,1953
0,1953
0,1953
36,1967
41,1968
0,1953
0,1953
36,1967
37,1967
36,1967
39,1968
1,1953
45,2005
0,1935
0,1953
35,1967
38,1972
0,1953
32,1968
36,1970
38,1971
17,1960
16,1960
12,1960
11,1960
21,1960
5,1954
33,1946
29,1946
21,1946
17,1946
16,1946
14,1946
10,1946
9,1946
9,1946
8,1946
5,1947
3,1947
19,1954
5,1954
5,1954
38,1996
14,1958
13,1958
13,1958
13,1958
13,1958
13,1958
15,1961
14,1961
14,1962
15,1962
15,1962
15,1962
14,1962
15,1962
14,1962
15,1962
14,1962
19,1963
19,1964
21,1965
22,1966
25,1966
22,1966
32,1969
31,1969
41,1973
37,1974
31,1980
39,2000
0,1945
13,1957
12,1958
12,1958
12,1958
12,1961
14,1962
15,1962
14,1962
14,1962
14,1962
18,1963
19,1963
23,1965
22,1965
24,1966
27,1968
32,1969
40,1996
43,2000
47,2005
11,1958
11,1958
10,1958
11,1961
13,1962
13,1962
14,1962
13,1962
13,1962
19,1964
18,1964
20,1965
20,1965
20,1965
20,1965
23,1966
31,1969
31,1974
9,1956
10,1958
14,1958
11,1961
15,1962
13,1962
13,1962
17,1963
18,1965
20,1965
19,1965
19,1965
17,1965
20,1966
27,1968
23,1968
30,1969
27,1974
29,1980
55,2015
10,1956
10,1961
15,1962
16,1964
19,1965
19,1965
18,1965
27,1967
26,1967
31,1974
31,1980
13,1962
18,1963
15,1964
19,1965
18,1965
18,1966
18,1966
26,1967
25,1967
25,1968
31,1971
35,1993
38,1994
7,1956
7,1956
9,1958
9,1958
14,1962
13,1962
13,1963
17,1965
16,1965
17,1965
17,1966
17,1966
23,1967
25,1974
25,1977
13,1962
14,1962
12,1963
14,1964
17,1965
17,1965
16,1965
15,1965
16,1966
20,1968
25,1968
19,1968
29,1973
13,1962
14,1963
13,1963
14,1963
16,1965
16,1966
40,2000
12,1963
15,1965
15,1965
15,1965
29,1971
25,1980
34,1993
44,2008
43,2008
3,1925
54,1943
18,1943
17,1943
15,1943
13,1943
10,1943
9,1943
9,1943
8,1943
9,1943
8,1943
9,1943
8,1943
9,1943
7,1943
8,1943
6,1943
55,1944
55,1944
53,1944
34,1944
31,1944
30,1944
36,1944
28,1944
26,1944
25,1944
25,1944
23,1944
22,1944
20,1944
18,1944
18,1944
18,1944
17,1944
17,1944
11,1944
13,1944
12,1944
11,1944
12,1944
9,1944
9,1944
9,1944
8,1944
8,1944
9,1944
9,1944
9,1944
9,1944
27,1945
21,1945
24,1946
23,1946
21,1946
21,1946
21,1946
20,1946
19,1946
20,1946
48,1954
42,1954
36,1954
36,1954
34,1954
31,1954
33,1954
32,1954
29,1954
30,1954
28,1954
27,1954
59,1955
34,1955
34,1955
34,1955
32,1955
34,1955
31,1955
31,1955
31,1955
30,1955
30,1955
30,1955
29,1955
29,1955
29,1955
29,1955
65,1956
67,1956
54,1956
38,1956
60,1957
55,1957
53,1957
52,1957
50,1957
41,1957
37,1957
41,1957
69,1958
54,1958
47,1958
52,1959
52,1959
54,1960
53,1960
41,1960
56,1961
53,1961
74,1962
54,1962
54,1962
42,1962
53,1963
62,1964
62,1964
52,1964
54,1964
59,1965
55,1965
54,1965
72,1966
67,1966
55,1966
52,1968
72,1969
60,1980
14,1939
11,1939
7,1944
7,1944
11,1945
9,1945
11,1945
8,1945
8,1945
8,1945
7,1945
6,1945
6,1945
7,1945
25,1954
27,1954
24,1954
23,1954
35,1956
35,1956
33,1956
33,1956
34,1956
33,1956
32,1956
32,1956
31,1956
36,1957
36,1957
35,1957
35,1957
42,1958
34,1958
39,1959
36,1959
36,1960
31,1960
31,1960
33,1961
31,1961
36,1961
33,1961
40,1962
38,1962
37,1962
36,1962
50,1966
50,1967
50,1969
51,1981
59,1996
3,1939
30,1956
30,1956
29,1957
29,1957
26,1957
28,1957
32,1958
32,1958
31,1958
31,1958
31,1958
29,1958
27,1960
30,1961
29,1961
28,1961
33,1961
25,1961
36,1962
36,1962
35,1962
35,1962
35,1962
32,1962
34,1962
33,1962
32,1962
33,1962
33,1962
33,1962
32,1962
38,1964
38,1964
41,1966
50,1971
53,1973
54,1993
53,1993
54,1996
14,1954
28,1957
26,1957
26,1957
25,1957
27,1957
26,1957
25,1957
28,1958
28,1958
27,1958
26,1958
26,1958
27,1959
25,1959
26,1960
25,1960
26,1960
25,1960
24,1960
25,1961
24,1961
23,1961
32,1962
31,1962
31,1962
27,1962
31,1962
33,1962
25,1962
35,1964
37,1965
39,1966
37,1966
37,1966
39,1966
51,1992
53,1996
52,2000
66,2015
13,1954
24,1957
24,1957
25,1957
24,1957
23,1957
24,1957
24,1957
23,1957
24,1957
24,1957
23,1957
24,1957
23,1957
24,1958
22,1958
23,1959
24,1959
23,1959
23,1959
23,1959
24,1960
24,1960
23,1960
24,1960
24,1960
23,1960
23,1960
23,1960
22,1960
22,1960
23,1961
23,1961
23,1961
23,1961
24,1961
22,1961
26,1962
25,1962
23,1962
27,1962
47,1992
51,1994
1,1939
22,1957
23,1957
22,1957
22,1957
23,1957
22,1957
21,1957
22,1958
20,1958
20,1958
23,1959
21,1959
22,1959
22,1959
21,1959
21,1959
22,1959
22,1960
22,1960
22,1960
21,1960
20,1960
21,1960
24,1961
23,1961
20,1961
21,1961
19,1961
24,1962
24,1962
27,1962
21,1962
21,1962
28,1963
32,1964
31,1966
31,1966
36,1966
36,1966
30,1966
35,1966
29,1966
34,1966
28,1966
36,1967
40,1969
55,2008
66,2015
21,1957
22,1957
21,1957
20,1957
21,1957
20,1957
20,1957
20,1957
19,1958
21,1958
18,1958
18,1958
19,1958
18,1958
20,1959
20,1959
20,1959
19,1959
19,1959
20,1959
21,1961
20,1961
18,1961
18,1961
18,1961
19,1961
18,1961
19,1961
17,1961
19,1961
19,1961
19,1961
21,1962
20,1962
23,1962
23,1962
20,1962
19,1962
25,1963
25,1964
24,1964
24,1964
26,1964
28,1966
31,1966
33,1966
32,1966
28,1966
29,1966
28,1966
30,1966
31,1966
38,1968
36,1971
53,2007
57,2008
19,1957
17,1957
17,1958
18,1958
18,1958
17,1958
16,1958
19,1959
18,1959
18,1959
17,1959
17,1959
18,1960
17,1960
17,1961
16,1961
15,1961
18,1961
17,1961
18,1962
18,1962
17,1962
18,1962
21,1962
20,1962
18,1962
22,1963
24,1963
23,1964
23,1964
22,1964
23,1964
25,1965
26,1965
25,1965
31,1966
31,1966
27,1966
27,1966
27,1966
29,1966
34,1969
36,1969
17,1957
17,1957
16,1957
15,1957
17,1957
16,1957
15,1958
16,1958
15,1958
18,1961
15,1961
16,1961
16,1961
16,1961
17,1961
17,1962
20,1962
17,1962
18,1962
21,1963
21,1963
25,1964
22,1964
24,1964
21,1964
24,1965
25,1966
25,1966
31,1966
25,1966
25,1966
25,1966
37,1969
36,1969
35,1969
35,1969
39,1995
60,2015
15,1957
16,1958
15,1958
15,1958
15,1958
15,1961
16,1961
15,1961
18,1962
16,1962
16,1962
16,1962
16,1962
16,1962
15,1962
24,1963
20,1963
21,1964
21,1964
20,1964
23,1964
25,1964
23,1964
19,1964
20,1965
24,1966
24,1966
26,1966
28,1967
29,1967
33,1968
58,2015
21,1958
13,1958
15,1961
1,1951
7,1955
16,1958
15,1958
14,1958
1,1951
14,1958
19,1963
1,1951
8,1957
0,1951
3,1955
19,1963
13,1962
40,1955
38,1955
48,1961
6,1937
41,1958
21,1955
20,1955
34,1958
29,1958
30,1958
28,1961
25,1961
23,1961
23,1961
24,1958
33,1974
23,1958
23,1961
12,1955
18,1961
17,1961
18,1961
18,1961
16,1961
18,1961
56,2013
18,1951
52,1952
32,1952
30,1952
27,1952
22,1952
26,1952
25,1952
24,1952
17,1952
16,1952
30,1954
13,1951
10,1951
12,1951
12,1951
11,1951
11,1951
12,1952
8,1952
6,1951
7,1952
6,1952
4,1951
11,1954
15,1954
9,1954
7,1954
3,1954
3,1954
3,1954
18,1959
11,1956
12,1959
14,1959
11,1956
15,1959
14,1959
13,1959
13,1959
14,1959
14,1959
21,1965
25,1967
9,1956
13,1957
13,1959
13,1959
12,1959
21,1965
22,1972
7,1956
9,1957
12,1959
0,1954
7,1956
7,1956
11,1957
11,1957
11,1959
12,1959
8,1956
8,1956
13,1957
10,1957
10,1959
9,1962
10,1957
10,1957
9,1957
10,1959
15,1959
14,1957
7,1959
14,1959
9,1962
39,2001
63,1956
48,1956
44,1956
38,1956
44,1957
62,1961
34,1956
33,1956
32,1956
37,1957
28,1956
29,1956
28,1956
27,1956
27,1956
32,1961
28,1961
28,1961
11,1954
34,1959
27,1959
27,1961
25,1961
35,1965
26,1957
23,1959
25,1959
24,1960
32,1963
49,2000
1,1942
9,1954
27,1959
36,1967
22,1957
21,1960
19,1961
6,1954
19,1959
18,1961
17,1961
17,1961
6,1954
16,1959
17,1959
16,1961
16,1961
29,1966
35,1968
4,1954
4,1954
4,1954
25,1965
31,1989
30,1989
33,1991
49,2009
30,1989
31,1990
29,1989
31,1991
28,1989
31,1991
28,1989
29,1990
58,1989
50,1989
51,1990
47,1990
51,1993
43,1991
36,1989
35,1989
8,1956
2,1953
1,1954
0,1954
6,1954
13,1956
0,1953
46,2004
7,1955
14,1956
14,1956
7,1955
14,1957
22,1958
12,1956
11,1956
10,1956
9,1957
9,1959
10,1958
42,1955
32,1955
34,1955
22,1955
22,1955
21,1955
18,1955
17,1955
15,1955
11,1955
15,1955
11,1955
10,1955
8,1955
7,1955
8,1955
9,1955
12,1959
29,1972
34,1987
34,1987
32,1972
33,1987
41,2002
40,2002
30,1987
23,1973
51,1972
41,1974
43,1973
37,1981
48,1972
47,1977
10,1928
44,2005
39,1999
50,2013
42,2005
49,2013
36,1999
49,2013
48,2013
75,2013
61,2005
67,2013
80,2019
59,2005
63,2013
77,2019
74,2019
45,1999
47,2007
4,1940
4,1940
20,1963
20,1965
19,1963
22,1966
18,1963
16,1963
16,1964
17,1965
14,1963
50,1963
41,1966
25,1964
0,1954
1,1954
1,1954
0,1954
10,1954
58,2004
48,1988
18,1964
16,1964
16,1964
42,1964
54,1968
53,1988
52,1988
52,1988
46,2004
35,1976
0,1954
9,1956
13,1959
3,1956
30,1956
15,1956
22,1958
15,1956
17,1959
21,1964
28,1986
17,1964
9,1958
12,1962
21,1967
11,1962
16,1964
9,1958
20,1968
27,1988
49,1956
42,1956
41,1956
34,1956
32,1956
31,1956
30,1956
35,1959
31,1956
28,1956
28,1956
29,1956
25,1956
25,1956
32,1962
31,1962
23,1956
26,1959
32,1962
21,1956
20,1956
19,1956
19,1956
25,1962
25,1962
17,1958
33,1970
16,1962
21,1964
34,1991
1,1936
41,1991
0,1947
0,1947
0,1947
0,1947
0,1947
0,1947
0,1947
0,1947
0,1947
0,1947
0,1947
0,1947
17,1959
10,1957
37,1993
18,1959
7,1957
32,1959
25,1959
3,1954
4,1954
38,1991
7,1955
2,1955
16,1955
8,1950
44,1991
15,1963
15,1963
9,1959
15,1965
12,1963
5,1956
10,1963
10,1963
6,1956
10,1963
4,1956
11,1965
19,1956
25,1963
19,1956
25,1965
22,1963
14,1956
13,1956
21,1965
17,1963
10,1958
10,1958
15,1959
28,1969
31,1970
32,1973
46,2004
13,1957
12,1958
29,1986
11,1958
15,1959
13,1960
32,1979
10,1957
13,1959
7,1957
10,1959
27,1975
8,1957
9,1959
28,1979
7,1957
9,1959
8,1959
8,1959
8,1959
8,1959
9,1959
13,1961
26,1979
4,1956
5,1956
6,1957
8,1957
6,1957
8,1959
6,1960
47,1958
45,1958
55,1959
10,1949
13,1950
39,1958
37,1958
32,1957
28,1958
29,1958
28,1958
30,1959
30,1959
0,1938
0,1938
26,1958
28,1959
27,1959
27,1959
21,1958
21,1958
20,1958
51,1984
52,2004
17,1958
18,1958
30,1959
37,1969
17,1958
17,1958
16,1958
17,1958
19,1959
7,1954
12,1956
15,1958
14,1958
13,1958
17,1959
19,1959
17,1959
17,1959
4,1936
14,1957
12,1958
17,1959
16,1959
16,1959
15,1959
11,1957
10,1957
24,1980
34,1934
30,1957
1,1932
9,1954
7,1954
16,1957
14,1957
17,1963
32,1973
46,2001
40,2003
43,2004
39,2003
47,2001
42,2001
58,2003
55,2001
45,2003
49,2001
52,2006
11,1956
10,1956
16,1958
18,1958
17,1959
15,1960
26,1965
32,1968
10,1956
9,1956
9,1956
16,1957
16,1958
17,1958
23,1964
10,1956
10,1956
9,1956
14,1957
12,1957
14,1958
16,1958
15,1959
14,1960
12,1961
14,1961
25,1966
28,1967
31,1967
31,1968
37,1999
9,1956
9,1957
14,1958
14,1958
21,1963
27,1967
28,1968
9,1956
8,1956
11,1957
11,1957
14,1957
15,1959
14,1960
11,1960
20,1963
32,1968
12,1958
13,1958
14,1960
14,1960
9,1961
8,1961
8,1961
10,1957
11,1961
9,1961
20,1963
19,1963
21,1963
7,1957
9,1957
8,1957
11,1959
10,1959
12,1960
15,1963
19,1963
22,1968
9,1956
7,1956
7,1957
8,1957
14,1962
19,1963
18,1963
8,1957
7,1957
10,1960
8,1961
23,1968
61,1955
55,1955
57,1955
36,1955
34,1955
34,1955
30,1955
29,1955
30,1955
29,1955
29,1955
28,1955
29,1955
48,1958
55,1963
52,1963
33,1961
32,1961
34,1961
45,1963
38,1963
44,1967
47,1968
28,1956
25,1956
30,1960
27,1960
41,1968
23,1956
29,1959
28,1960
27,1960
27,1960
35,1963
30,1963
40,1968
25,1960
31,1963
30,1963
33,1965
36,1968
15,1956
16,1956
16,1956
22,1960
25,1960
30,1965
15,1956
16,1956
14,1956
13,1956
28,1963
13,1956
19,1957
19,1957
16,1957
26,1963
26,1963
11,1956
12,1956
15,1958
17,1958
18,1959
18,1960
20,1962
37,1978
42,1982
50,1994
53,1998
50,1994
36,1970
33,1974
35,1975
27,1985
50,1996
34,1978
38,1978
36,1982
48,1994
37,1998
33,1975
30,1975
29,1975
34,1978
34,1982
35,1978
35,1978
33,1980
26,1969
26,1969
33,1978
33,1982
33,2000
28,1969
28,1975
30,1978
33,1978
33,1978
28,1980
34,1982
23,1985
63,1978
57,1981
52,1974
51,1978
55,1982
49,1974
51,1975
47,1975
44,1978
48,1978
41,1982
40,1984
39,1978
41,1978
47,1978
47,1978
41,1995
44,1976
36,1969
43,1978
35,1980
42,1982
38,1995
37,1995
10,1958
12,1957
12,1958
14,1961
8,1956
10,1957
9,1958
11,1958
5,1956
7,1958
7,1958
10,1960
8,1960
7,1958
28,1952
32,1955
15,1955
16,1955
5,1952
12,1955
26,1957
11,1955
10,1955
9,1955
8,1955
7,1955
7,1955
8,1955
21,1959
12,1956
1,1949
36,1991
39,1964
31,1964
11,1957
12,1957
11,1957
10,1957
33,1957
27,1957
20,1957
16,1957
17,1957
15,1959
9,1957
9,1957
8,1958
8,1957
7,1958
6,1957
10,1959
29,1958
18,1957
18,1958
14,1957
11,1960
11,1960
10,1960
10,1960
9,1960
8,1960
7,1960
34,1960
14,1960
12,1960
12,1960
11,1960
7,1960
27,1960
16,1960
59,2015
47,2011
47,2013
44,1999
53,2013
51,2001
39,1972
30,1972
15,1957
11,1957
25,1978
12,1957
11,1957
8,1957
9,1957
7,1957
30,1941
25,1941
13,1941
14,1941
12,1941
11,1941
9,1941
8,1941
7,1941
7,1941
6,1941
7,1941
7,1941
19,1957
18,1957
38,1995
6,1955
3,1955
3,1955
5,1955
11,1955
7,1955
7,1955
37,1972
21,1964
21,1965
21,1965
20,1965
48,1972
46,1972
39,1972
36,1972
35,1972
54,2009
42,2006
39,2004
41,1996
39,2006
58,1996
50,2004
52,1996
46,2004
45,2004
47,2006
33,1991
25,1984
22,1979
21,1979
2,1947
32,1984
0,1952
2,1954
12,1956
13,1960
14,1960
9,1958
9,1958
11,1960
46,1955
30,1955
22,1954
19,1954
24,1955
23,1955
39,1958
18,1955
29,1961
12,1954
17,1955
14,1955
23,1960
12,1955
16,1955
21,1961
11,1954
14,1955
10,1955
10,1955
10,1955
10,1955
9,1955
2,1954
10,1955
9,1955
9,1955
17,1960
4,1954
14,1960
8,1960
8,1954
5,1954
20,1960
5,1954
1,1949
1,1949
0,1949
2,1949
0,1949
1,1951
0,1951
2,1951
1,1949
0,1949
1,1949
0,1951
0,1951
1,1949
1,1949
1,1950
0,1951
0,1949
1,1949
0,1949
2,1949
1,1949
0,1949
0,1949
1,1949
1,1949
2,1949
1,1950
1,1950
2,1951
0,1951
1,1949
1,1950
1,1949
1,1949
0,1949
4,1950
1,1951
0,1949
0,1949
1,1949
1,1949
2,1951
0,1951
3,1949
0,1949
1,1949
1,1951
0,1949
1,1949
0,1951
0,1951
2,1951
0,1951
23,1949
9,1949
8,1949
11,1949
12,1950
9,1949
5,1949
4,1951
6,1951
3,1949
0,1949
0,1949
0,1949
0,1951
18,1959
1,1949
1,1949
1,1951
2,1949
0,1949
1,1949
1,1949
0,1949
1,1951
0,1951
1,1949
1,1949
1,1949
1,1949
0,1951
0,1949
2,1949
0,1949
0,1951
30,1977
34,1969
39,1979
31,1977
23,1974
27,1974
64,1969
45,1969
16,1960
15,1960
43,1991
10,1960
10,1930
0,1944
37,1969
31,1990
30,1967
41,1990
29,1967
28,1990
24,1969
23,1969
31,1970
20,1969
18,1969
19,1966
19,1969
47,1967
40,1967
33,1967
29,1966
35,1990
37,1968
33,1990
32,1990
32,1981
8,1955
25,1985
41,2002
35,1985
32,1976
32,1977
34,1980
33,1976
33,1976
31,1977
30,1977
31,1979
30,1980
30,1980
27,1979
27,1976
49,1977
44,1976
46,1980
43,1976
45,1977
42,1976
43,1976
39,1976
43,1977
39,1980
37,1985
36,1980
1,1949
12,1950
33,1977
28,1986
31,1977
38,1983
38,1986
34,1977
46,1986
21,1964
9,1960
9,1960
9,1960
20,1963
23,1965
15,1960
9,1961
20,1965
51,2004
13,1960
9,1960
8,1961
7,1960
8,1961
18,1964
14,1965
7,1960
6,1960
17,1963
18,1964
40,2000
9,1960
6,1960
9,1960
14,1966
8,1960
15,1964
16,1966
22,1969
5,1960
14,1964
13,1965
13,1965
51,1964
51,1964
28,1963
18,1961
15,1960
23,1964
11,1960
12,1961
10,1960
22,1963
22,1964
21,1964
12,1959
11,1959
11,1959
10,1959
10,1960
23,1964
23,1964
30,1967
28,1967
27,1967
27,1967
26,1968
26,1968
34,1971
32,1971
36,1978
34,1978
45,1993
11,1959
16,1959
18,1959
10,1959
9,1959
10,1960
9,1960
11,1962
11,1962
11,1962
11,1962
22,1964
15,1964
25,1966
27,1967
28,1967
25,1967
26,1968
25,1968
32,1969
34,1971
4,1942
10,1959
10,1959
11,1962
10,1962
10,1962
14,1963
14,1963
21,1964
20,1964
21,1964
27,1967
27,1967
24,1967
24,1967
26,1968
26,1968
25,1968
34,1987
10,1959
14,1959
9,1959
23,1964
20,1964
22,1966
15,1966
24,1967
24,1968
33,1971
42,1993
9,1962
9,1962
12,1963
20,1964
26,1967
24,1967
24,1967
23,1968
23,1968
25,1968
31,1971
37,1987
13,1959
14,1959
17,1959
13,1959
8,1962
8,1962
19,1964
23,1966
26,1967
25,1967
25,1967
27,1969
26,1969
24,1969
31,1971
32,1978
12,1959
13,1959
7,1962
11,1963
22,1966
14,1966
29,1978
7,1962
10,1963
10,1964
25,1967
23,1969
23,1969
24,1969
23,1969
29,1971
31,1978
34,1999
8,1961
10,1963
13,1966
13,1966
12,1966
22,1967
21,1968
23,1969
24,1970
9,1964
21,1966
12,1966
21,1968
22,1969
28,1971
27,1972
35,1998
67,1958
52,1958
47,1958
38,1960
58,1964
74,1965
66,1965
63,1965
57,1966
67,1967
67,1978
45,1958
45,1958
37,1958
34,1959
31,1962
48,1964
43,1964
38,1964
55,1965
53,1965
50,1965
51,1965
54,1966
48,1966
50,1966
48,1966
53,1967
58,1968
52,1969
55,1969
60,1971
35,1958
36,1958
36,1958
35,1958
27,1962
47,1965
46,1965
45,1965
46,1966
44,1966
47,1967
49,1967
49,1967
48,1967
46,1967
49,1967
47,1967
48,1969
47,1969
50,1969
58,1971
56,1971
47,1974
20,1961
45,1967
46,1967
18,1960
39,1965
39,1965
38,1965
38,1965
38,1965
37,1965
34,1966
34,1966
50,1968
53,1971
19,1959
19,1959
28,1959
16,1960
16,1961
18,1962
31,1964
29,1964
36,1965
33,1967
35,1967
34,1967
34,1968
51,1998
16,1959
16,1959
16,1961
15,1961
16,1962
30,1964
31,1965
25,1966
31,1966
33,1966
31,1966
31,1967
34,1967
38,1971
34,1974
48,1998
15,1959
15,1961
14,1961
14,1961
14,1962
25,1964
27,1964
28,1964
30,1966
22,1966
29,1966
30,1966
37,1967
33,1967
40,1970
38,1972
48,1993
14,1959
13,1959
20,1959
13,1959
13,1961
13,1961
13,1962
24,1964
27,1965
28,1965
30,1966
31,1967
31,1967
29,1967
30,1967
31,1967
31,1967
31,1967
30,1967
31,1967
31,1967
32,1969
49,1994
20,1959
18,1959
13,1959
11,1959
11,1960
12,1961
27,1965
28,1967
33,1967
32,1967
28,1967
29,1967
29,1967
18,1963
22,1965
50,1990
59,1981
21,1962
22,1962
20,1962
19,1962
26,1964
20,1962
24,1964
18,1962
18,1962
2,1956
2,1956
54,1962
50,1962
49,1962
42,1964
36,1964
35,1962
35,1962
33,1962
35,1964
24,1962
28,1964
26,1962
27,1962
27,1962
30,1964
28,1964
27,1979
26,1979
29,1988
17,1960
44,1996
20,1963
27,1968
19,1963
20,1965
19,1966
19,1966
54,1960
40,1960
39,1960
29,1960
27,1960
30,1960
40,1968
46,1989
23,1960
31,1965
22,1960
21,1960
38,1972
24,1963
17,1960
16,1960
0,1953
10,1959
42,2002
0,1953
0,1953
4,1948
0,1948
0,1948
0,1948
3,1953
1,1927
0,1953
0,1953
7,1955
7,1955
13,1956
19,1957
15,1959
17,1960
17,1960
20,1962
38,1997
6,1955
15,1959
17,1959
16,1960
15,1960
15,1960
16,1960
21,1963
29,1967
47,1997
16,1959
16,1960
14,1960
12,1960
26,1967
6,1955
11,1958
15,1959
14,1959
11,1959
14,1960
26,1969
12,1957
13,1959
14,1960
14,1960
13,1960
15,1962
17,1962
13,1959
36,1997
42,1998
11,1957
12,1959
11,1960
12,1961
12,1962
13,1964
29,1979
39,2002
14,1957
10,1957
11,1959
29,1972
39,2001
10,1957
9,1957
11,1959
11,1959
10,1959
8,1960
9,1962
8,1962
38,1928
0,1932
41,1941
24,1941
19,1941
16,1941
17,1941
13,1941
13,1941
15,1941
12,1941
13,1941
13,1941
14,1941
12,1941
12,1941
11,1941
11,1941
11,1941
11,1941
10,1941
11,1941
10,1941
10,1941
10,1941
10,1941
11,1941
10,1941
10,1941
9,1941
10,1941
10,1941
10,1941
10,1941
10,1941
10,1941
24,1954
35,1955
40,1956
52,1959
50,1959
56,1960
43,1960
44,1962
47,1963
6,1948
7,1948
3,1948
4,1948
5,1948
31,1956
38,1957
41,1962
51,1969
0,1941
27,1956
37,1959
43,1966
14,1954
11,1954
30,1960
43,1965
36,1965
1,1936
1,1936
14,1955
21,1956
24,1959
34,1966
7,1954
14,1955
25,1960
17,1956
24,1959
23,1959
19,1960
20,1960
28,1964
49,1995
50,2006
3,1948
16,1956
21,1960
19,1960
21,1960
19,1960
8,1955
17,1956
15,1956
15,1956
14,1956
15,1956
20,1959
18,1960
24,1964
45,1998
7,1955
19,1959
16,1960
38,1987
25,1975
24,1975
42,2001
9,1958
33,1987
30,1988
29,1988
8,1958
7,1958
13,1963
22,1978
20,1982
38,1958
48,1975
56,1987
5,1950
40,1975
29,1958
36,1975
47,1987
35,1966
39,1968
46,1987
53,1993
34,1966
32,1966
43,1988
30,1966
32,1969
38,1993
46,1999
46,1999
28,1965
29,1966
41,1987
28,1966
40,1978
40,1976
20,1980
32,1992
21,1964
0,1945
12,1962
34,1990
38,1999
5,1947
30,1960
25,1960
0,1949
24,1966
0,1949
5,1955
11,1956
19,1963
4,1955
4,1955
8,1956
6,1956
17,1966
14,1960
27,1977
0,1955
5,1956
5,1956
11,1958
18,1966
5,1956
8,1956
7,1956
6,1956
6,1956
3,1956
13,1947
50,1948
43,1948
38,1948
38,1948
32,1948
31,1948
27,1948
29,1948
29,1948
22,1948
19,1948
19,1948
17,1948
16,1948
13,1948
13,1948
29,1954
28,1955
36,1956
8,1949
18,1954
23,1955
14,1954
14,1954
17,1955
6,1949
12,1954
8,1954
8,1954
12,1955
21,1956
19,1956
6,1954
20,1956
15,1956
15,1956
4,1954
6,1954
4,1954
0,1947
3,1954
6,1955
15,1957
16,1957
17,1957
15,1957
27,1965
4,1955
13,1957
14,1958
11,1958
26,1965
26,1965
5,1955
11,1957
12,1958
12,1958
5,1955
12,1957
12,1957
10,1957
10,1958
9,1956
11,1957
12,1957
12,1958
10,1958
11,1958
19,1963
9,1956
11,1957
13,1957
31,1972
0,1945
3,1949
0,1949
9,1957
9,1957
12,1957
10,1957
10,1958
34,1981
6,1956
9,1957
8,1957
8,1957
8,1957
8,1958
8,1957
10,1957
9,1957
3,1949
3,1949
2,1956
4,1956
7,1957
9,1957
9,1957
7,1957
6,1958
7,1958
6,1958
15,1963
45,1949
35,1949
38,1949
28,1949
28,1949
25,1949
26,1949
21,1949
26,1949
53,1955
54,1958
49,1958
16,1949
15,1949
20,1949
19,1949
14,1949
12,1949
10,1949
16,1949
28,1955
28,1955
39,1958
37,1958
11,1949
15,1949
12,1949
10,1949
9,1949
10,1949
9,1949
12,1949
9,1949
20,1955
20,1955
21,1955
24,1955
18,1955
18,1955
18,1955
19,1955
18,1955
17,1955
17,1955
33,1957
30,1957
34,1958
31,1958
3,1938
9,1949
10,1949
9,1949
9,1949
9,1949
9,1949
11,1949
7,1949
19,1955
28,1957
30,1957
28,1957
0,1938
9,1949
9,1949
3,1949
3,1949
4,1949
3,1949
3,1949
7,1949
6,1949
3,1949
7,1949
4,1949
3,1949
4,1949
13,1955
26,1957
0,1927
3,1949
3,1949
3,1949
3,1949
4,1949
9,1955
22,1957
23,1958
24,1958
35,1966
52,1995
11,1955
22,1957
22,1958
0,1949
7,1954
8,1955
23,1957
19,1957
22,1957
22,1958
21,1958
20,1958
21,1958
20,1958
19,1958
20,1958
5,1954
4,1954
14,1956
18,1957
18,1957
18,1958
16,1958
19,1958
19,1958
5,1954
5,1955
12,1956
22,1957
17,1957
18,1958
17,1958
23,1963
38,1970
40,1988
34,1988
47,1994
36,1970
14,1961
46,2000
9,1959
31,1970
43,1988
28,1961
48,1970
49,1971
55,1998
46,1973
16,1962
0,1942
7,1958
10,1958
60,2010
52,2007
56,2010
54,2007
56,2007
56,2007
14,1961
12,1961
13,1961
11,1961
38,1961
35,1961
59,2003
50,1999
57,2003
50,1999
43,1991
39,1992
52,1993
7,1950
6,1956
9,1958
6,1956
8,1958
7,1958
41,2007
2,1953
27,1950
12,1950
5,1950
5,1953
6,1953
5,1953
5,1953
4,1953
0,1953
13,1958
31,1987
44,2003
36,1999
10,1958
36,2000
4,1956
1,1951
6,1958
1,1951
3,1956
6,1957
35,1996
24,1937
43,1945
26,1945
25,1945
35,1949
31,1949
26,1951
54,1993
50,1984
45,1987
50,1993
6,1951
49,1987
40,1987
5,1951
44,1990
42,1990
5,1951
42,1991
2,1951
40,1993
31,1993
40,1993
39,1993
11,1958
10,1964
44,1955
17,1955
16,1955
13,1955
12,1955
12,1955
12,1955
10,1955
10,1955
10,1955
9,1955
8,1955
7,1955
9,1955
7,1955
8,1955
5,1955
6,1955
6,1955
6,1955
7,1955
5,1955
6,1955
6,1955
37,1999
24,1978
37,1998
24,1935
20,1935
21,1935
11,1935
10,1935
11,1935
10,1935
64,1998
9,1935
7,1935
8,1935
8,1935
7,1935
7,1935
7,1935
52,1998
50,1998
51,1998
38,1981
21,1961
44,1998
43,1998
16,1962
14,1962
14,1962
34,1987
34,1987
10,1962
14,1962
12,1962
10,1962
31,1987
11,1962
38,1962
38,1962
26,1962
25,1962
23,1962
23,1962
22,1962
42,1987
14,1962
40,1987
36,1987
34,1970
31,1979
35,1983
33,1979
30,1981
42,1987
30,1979
27,1970
37,1976
26,1970
31,1984
48,1970
43,1981
42,1981
35,1970
36,1979
46,1976
39,1995
19,1965
23,1974
38,1995
18,1932
0,1927
47,1995
40,1992
41,1995
34,1992
32,1942
10,1942
9,1942
8,1942
10,1942
9,1942
8,1942
5,1942
7,1942
8,1942
6,1942
8,1942
4,1942
5,1942
4,1942
4,1942
5,1942
4,1942
4,1942
4,1942
3,1942
4,1942
3,1942
3,1942
4,1942
2,1950
1,1950
1,1950
12,1950
2,1950
3,1950
0,1950
2,1950
1,1950
7,1955
17,1962
34,1971
36,1973
15,1959
13,1959
18,1964
32,1970
34,1986
3,1950
6,1955
5,1955
14,1962
12,1957
15,1957
11,1958
17,1964
38,1992
12,1959
36,1992
7,1957
9,1958
7,1958
10,1959
15,1963
22,1967
7,1957
8,1957
7,1957
7,1957
37,1993
7,1957
12,1962
15,1963
14,1963
61,1962
13,1936
33,1957
49,1963
45,1965
29,1959
26,1961
36,1962
35,1963
42,1966
13,1955
28,1959
27,1959
29,1962
41,1968
0,1936
26,1962
26,1962
33,1963
33,1964
32,1964
35,1966
24,1962
35,1968
61,2012
0,1953
11,1955
32,1963
9,1955
11,1955
18,1959
36,1970
0,1945
10,1955
8,1955
19,1962
19,1962
18,1962
19,1962
19,1962
27,1965
6,1955
17,1962
31,1969
34,1970
53,2011
3,1954
11,1956
14,1959
12,1959
9,1956
21,1966
8,1956
7,1956
10,1959
8,1960
31,1992
7,1956
8,1956
7,1962
34,1992
48,1956
42,1960
40,1960
36,1956
0,1938
6,1950
17,1956
22,1959
20,1960
15,1956
17,1956
3,1954
18,1962
0,1950
0,1939
34,1985
44,1967
16,1963
16,1963
15,1963
13,1963
30,1989
13,1963
51,1963
48,1999
22,1963
35,1989
24,1965
36,1990
0,1948
1,1953
0,1952
0,1953
1,1948
0,1948
0,1948
0,1953
0,1948
0,1948
0,1952
0,1953
0,1953
2,1948
1,1948
0,1953
0,1953
31,1964
0,1948
0,1952
0,1952
0,1953
0,1953
0,1953
1,1953
0,1953
1,1953
0,1953
44,1997
0,1948
0,1953
1,1952
0,1952
0,1953
0,1953
0,1953
0,1953
15,1953
6,1953
7,1953
0,1948
44,1964
0,1948
3,1953
4,1948
2,1953
2,1953
47,1980
0,1952
0,1953
0,1948
0,1952
0,1953
0,1952
0,1953
0,1953
0,1948
0,1948
0,1953
0,1953
0,1953
2,1948
0,1948
0,1953
44,2005